METHOD,FILE,LINE,ROUTE
api/routers/properties.py:32:@router.post(
api/routers/properties.py:52:@router.get(
api/routers/properties.py:125:@router.get(
api/routers/properties.py:147:@router.put(
api/routers/properties.py:180:@router.delete(
api/routers/properties.py:205:@router.post(
api/routers/properties.py:237:@router.get(
api/routers/properties.py:263:@router.delete(
api/routers/properties.py:300:@router.post(
api/routers/properties.py:333:@router.get(
api/routers/properties.py:361:@router.post(
api/routers/properties.py:394:@router.get(
api/routers/properties.py:422:@router.post(
api/routers/properties.py:455:@router.get(
api/routers/leads.py:31:@router.post(
api/routers/leads.py:64:@router.get(
api/routers/leads.py:126:@router.get(
api/routers/leads.py:167:@router.get(
api/routers/leads.py:189:@router.put(
api/routers/leads.py:235:@router.delete(
api/routers/leads.py:258:@router.post(
api/routers/leads.py:300:@router.post(
api/routers/leads.py:337:@router.get(
api/routers/leads.py:365:@router.post(
api/routers/leads.py:398:@router.get(
api/routers/leads.py:426:@router.post(
api/routers/leads.py:459:@router.get(
api/routers/users.py:32:@router.post(
api/routers/users.py:85:@router.get(
api/routers/users.py:128:@router.get(
api/routers/users.py:149:@router.put(
api/routers/users.py:193:@router.delete(
api/routers/sse.py:142:@router.get(
api/routers/sse.py:184:@router.get(
api/routers/deals.py:45:@router.post(
api/routers/deals.py:106:@router.get(
api/routers/deals.py:164:@router.get(
api/routers/deals.py:218:@router.get(
api/routers/deals.py:240:@router.put(
api/routers/deals.py:300:@router.delete(
api/routers/deals.py:325:@router.post(
api/routers/deals.py:367:@router.get(
api/routers/auth.py:42:@router.post(
api/routers/auth.py:113:@router.post(
api/routers/auth.py:178:@router.post(
api/routers/auth.py:225:@router.get(
api/routers/auth.py:231:@router.post(
api/routers/auth.py:259:@router.post(
api/routers/auth.py:274:@router.post(
api/routers/auth.py:328:@router.post(
api/routers/campaigns.py:80:@router.post(
api/routers/campaigns.py:113:@router.get(
api/routers/campaigns.py:160:@router.get(
api/routers/campaigns.py:206:@router.get(
api/routers/campaigns.py:227:@router.put(
api/routers/campaigns.py:266:@router.delete(
api/routers/campaigns.py:295:@router.post(
api/routers/campaigns.py:374:@router.post(
api/routers/campaigns.py:394:@router.get(
api/routers/campaigns.py:415:@router.get(
api/routers/campaigns.py:436:@router.put(
api/routers/campaigns.py:468:@router.delete(
api/routers/analytics.py:96:@router.get(
api/routers/analytics.py:190:@router.get(
api/routers/analytics.py:242:@router.get(
api/routers/analytics.py:289:@router.get(
api/routers/analytics.py:344:@router.get(
api/routers/analytics.py:384:@router.get(
api/health.py:156:@router.get(
api/health.py:170:@router.get(
api/health.py:230:@router.get(
api/health.py:256:@router.get(
api/health.py:269:@router.get(
